{"mean": [[0.0, 0.0, 0.0], [2.459674775249769, 1.5556349186104048, 1.118033988749895], [2.012461179749811, 1.697056274847714, 1.3416407864998738], [2.012461179749811, 1.697056274847714, 1.3416407864998738], [2.012461179749811, 1.697056274847714, 1.3416407864998738], [2.012461179749811, 1.697056274847714, 1.3416407864998738], [2.012461179749811, 1.697056274847714, 1.3416407864998738], [2.012461179749811, 1.697056274847714, 1.3416407864998738], [2.012461179749811, 1.697056274847714, 1.3416407864998738], [2.012461179749811, 1.697056274847714, 1.3416407864998738], [2.012461179749811, 1.697056274847714, 1.3416407864998738], [2.012461179749811, 1.697056274847714, 1.3416407864998738], [2.012461179749811, 1.697056274847714, 1.3416407864998738], [2.012461179749811, 1.697056274847714, 1.3416407864998738], [2.012461179749811, 1.697056274847714, 1.3416407864998738], [2.012461179749811, 1.697056274847714, 1.3416407864998738], [2.012461179749811, 1.697056274847714, 1.3416407864998738]], "std": [[1.0, 1.0, 1.0], [2.0, 1.0, 0.5], [2.0, 1.0, 0.5], [2.0, 1.0, 0.5], [2.0, 1.0, 0.5], [2.0, 1.0, 0.5], [2.0, 1.0, 0.5], [2.0, 1.0, 0.5], [2.0, 1.0, 0.5], [2.0, 1.0, 0.5], [2.0, 1.0, 0.5], [2.0, 1.0, 0.5], [2.0, 1.0, 0.5], [2.0, 1.0, 0.5], [2.0, 1.0, 0.5], [2.0, 1.0, 0.5], [2.0, 1.0, 0.5]], "z": [[1.1, 1.1, 1.0], [0.9, 1.2, 1.2], [0.9, 1.2, 1.2], [0.9, 1.2, 1.2], [0.9, 1.2, 1.2], [0.9, 1.2, 1.2], [0.9, 1.2, 1.2], [0.9, 1.2, 1.2], [0.9, 1.2, 1.2], [0.9, 1.2, 1.2], [0.9, 1.2, 1.2], [0.9, 1.2, 1.2], [0.9, 1.2, 1.2], [0.9, 1.2, 1.2], [0.9, 1.2, 1.2], [0.9, 1.2, 1.2]], "rho_square": [[0.8, 0.5, 0.2], [0.8, 0.5, 0.2], [0.8, 0.5, 0.2], [0.8, 0.5, 0.2], [0.8, 0.5, 0.2], [0.8, 0.5, 0.2], [0.8, 0.5, 0.2], [0.8, 0.5, 0.2], [0.8, 0.5, 0.2], [0.8, 0.5, 0.2], [0.8, 0.5, 0.2], [0.8, 0.5, 0.2], [0.8, 0.5, 0.2], [0.8, 0.5, 0.2], [0.8, 0.5, 0.2], [0.8, 0.5, 0.2]], "xi": [[0.0, 0.0, 0.0], [0.0, 0.0, 0.0], [0.0, 0.0, 0.0], [0.0, 0.0, 0.0], [0.0, 0.0, 0.0], [0.0, 0.0, 0.0], [0.0, 0.0, 0.0], [0.0, 0.0, 0.0], [0.0, 0.0, 0.0], [0.0, 0.0, 0.0], [0.0, 0.0, 0.0], [0.0, 0.0, 0.0], [0.0, 0.0, 0.0], [0.0, 0.0, 0.0], [0.0, 0.0, 0.0], [0.0, 0.0, 0.0]], "best_treatment": 1, "T": [5000.0, 6000.0, 7000.0, 8000.0, 9000.0, 10000.0, 11000.0, 12000.0, 13000.0, 14000.0]}